<configuration>
    <appender name="STDOUT" target="System.out" class="ch.qos.logback.core.ConsoleAppender">
        <encoder>
            <pattern>[%date{ISO8601}] [%level] [%logger] [%X{akkaAddress}] [%marker] [%thread] - %msg%n</pattern>
        </encoder>
    </appender>

    <appender name="ASYNC" class="ch.qos.logback.classic.AsyncAppender">
        <queueSize>8192</queueSize>
        <neverBlock>true</neverBlock>
        <appender-ref ref="STDOUT" />
    </appender>

    <root level="INFO">
        <appender-ref ref="ASYNC"/>
    </root>

</configuration>
